Nome,Acervo,Add,Arquivos e mídia,Coleção,Contexto Historico,Data de Produção,Dimensões,Doador,Estado de Conservação,Local de Origem,Material,Nº de Inventário,Período/Época,Responsável,Técnica,URL,URL Adicional
Divino Espírito Santo,Religiosa,Yes,Metadados/20251104_165603(1)(1).jpg,Religioso,,,,Igreja Católica,Excelente,,,,Ano aproximado: 1930,,,https://drive.google.com/file/d/1yBvQudH2Ly9sHVWCWYiZP_u8_fYVusPA/view?usp=drive_link,
São Francisco,Religiosa,Yes,Metadados/20251104_165807(1)(1)(1).jpg,Religioso,,,,Igreja Católica,Excelente,,,0657,,,,https://drive.google.com/file/d/1aXPqsZzZECU5BJG_DcSVX3CX7x4cN2ik/view?usp=drive_link,
Castiçal,Religiosa,Yes,Metadados/20251104_170801(1)(1).jpg,Religioso,,,,Igreja Católica,Excelente,,,0082,Ano aproximado: 1880-1920,,,https://drive.google.com/file/d/1ObXNeKYBoCFleGvnEdEyvzpgU2Rq0YQo/view?usp=drive_link,
Vasos,Religiosa,Yes,Metadados/20251104_170912(1).jpg,Religioso,,,,Igreja Católica,Excelente,,,0069/0070,Ano aproximado: 1930,,,https://drive.google.com/file/d/193JBvvNLEn8fVMgcI8cUr0R_dayUXnmO/view?usp=drive_link,
Castiçais,Religiosa,Yes,Metadados/20251104_170648(1)(1)(1).jpg,Religioso,,,,Igreja Católica,Excelente,,,0067/0068,Aproximadamente: 1930,,,https://drive.google.com/file/d/193JBvvNLEn8fVMgcI8cUr0R_dayUXnmO/view?usp=drive_link,
Terço,Religiosa,Yes,Metadados/20251104_170045(1).jpg,Religioso,,,,Igreja Católica,Excelente,,,0062,,,,https://drive.google.com/file/d/10DB5cJlU1gO1aGk_OEB2tqDUyHaLxEFX/view?usp=drive_link,
Incensório Braseiro,Religiosa,No,Metadados/Incensrio_Braseiro_N_0063.jpg,Religioso,,,,Igreja Católica,Excelente,,,0063,Ano Aproximado: 1930,,,,
Bandeja para Hóstia,Religiosa,Yes,Metadados/20251215_163030.heic,"Cerâmica, Religioso",,,,Igreja Católica,Excelente,,,0083,Ano Aproximado: Início do séc. XX,,,https://drive.google.com/file/d/1OvxN9UAMV2A5CVYAw8DUV8iqzmtkf0jX/view?usp=drive_link,
Crucifixo,Religiosa,No,Metadados/Crucifixo_N_0065.jpg,Religioso,,,,Igreja Católica,Excelente,,,0065,Ano Aproximado: 1930,,,,
"Dalmática (1970) - Pertenceu a D. Jaime de Barros Câmara - ""Jubileu de Ouro Sacerdotal”",Religiosa,No,Metadados/Dalmtica_.png,Religioso,,,,Igreja Católica,Excelente,,,,Ano Aproximado: 1970,"Pertenceu a D. Jaime de Barros Câmara

""Jubileu de Ouro Sacerdotal”",,,
Missal Romano,Religiosa,No,Metadados/Missal_Romano_N_0084.jpg,Religioso,,,,Igreja Católica,Excelente,,,0084,Ano Aproximado: 1930,,,,
Púlpito,Religiosa,No,Metadados/20251215_163059.heic,"Mobiliário, Religioso",,,,Igreja Católica,Excelente,,,0091,Ano Aproximado: 1930,,,,
Bombonier,Costumes do Passado,No,Metadados/17072025-IMG_0514_(1).jpg,"Utensílios Domésticos, Vidraria","
A Bombonier pertencia à Sra. Adélia Gama Ferreira de Mello e era utilizada no início do século XX para guardar guloseimas.
A peça é feita de vidro com detalhes florais esculpidos, possuindo tampa e alça em metal.
Esses recipientes eram comuns em casas elegantes da época, sendo utilizados tanto como objeto decorativo quanto como utensílio de servir doces, representando o gosto refinado e os costumes domésticos do período.",,,,Excelente,,Vidro e Metal,,Início do Século XX,Proprietária: Adélia Gama Ferreira de Mello,Vidro moldado e esculpido com detalhes florais; metal fundido e trabalhado (tampa e alça),https://drive.google.com/file/d/12v6W-ginufuXWTKCig9oqEX9CNy3Pkys/view?usp=sharing,
Jarro e Conjunto de Xícaras,Costumes do Passado,Yes,Metadados/17072025-IMG_0519.jpg,"Porcelana, Religioso, Utensílios Domésticos","O jarro e o conjunto de três xícaras de porcelana com tema religioso pertenciam ao Sr. José Ferreira de Mello.
Essas peças faziam parte dos presentes recebidos por ocasião de seu casamento em 1920, representando o costume da época de oferecer objetos de uso doméstico e valor simbólico como lembrança matrimonial.
As porcelanas com temas religiosos eram muito apreciadas no início do século XX, refletindo o gosto estético e a religiosidade presentes nos lares das famílias tradicionais catarinenses.",,,,Excelente,,Porcelana,,Início do século XX,Proprietário: José Ferreira de Mello,Porcelana moldada e pintada com decoração de tema religioso,https://drive.google.com/file/d/195dlh-WCGE9AUBbmjQKOlCZ1p9g2FPQi/view?usp=drive_link,
A Saga dos Ferreiras de Mello,Costumes do Passado,Yes,"Metadados/Arvore.heic, Metadados/17072025-IMG_0532_(3).jpg, Metadados/17072025-IMG_0528_(1).jpg, Metadados/17072025-IMG_0530_(1).jpg, Metadados/17072025-_MG_6640_(1).jpg, Metadados/17072025-_MG_6639_(2).jpg, Metadados/17072025-_MG_6637_(1).jpg, Metadados/17072025-_MG_6634_(1).jpg","Documento Textual, Registro Histórico","Entre os anos de 1748 e 1756, cerca de 4.500 pessoas oriundas dos Açores e da Ilha da Madeira foram trazidas para colonizar o litoral de Santa Catarina, fundando diversas povoações, entre elas São José da Terra Firme.

Por volta de 1750, chegaram imigrantes das ilhas do Pico e Terceira, incluindo membros da família Ferreira de Mello.
Um de seus descendentes, Manoel Ferreira de Mello, vindo da ilha do Pico, construiu no final do século XVIII um suntuoso sobrado, que se tornaria símbolo da história de São José e palco de diversos acontecimentos políticos e sociais.

No casarão nasceu, em 1809, o Tenente-Coronel Luiz Ferreira do Nascimento Mello, figura de destaque na política catarinense, que atuou como vereador, deputado, presidente da Assembleia Provincial e Vice-Presidente da Província de Santa Catarina — chegando a assumir o governo em alguns períodos.
Em 1845, durante a visita imperial de Dom Pedro II à vila de São José, Luiz Ferreira do Nascimento Mello foi agraciado com as Ordens de Cristo e da Rosa.

O sobrado também abrigava, em seu piso inferior, uma senzala destinada aos escravizados da família, evidenciando aspectos da estrutura social da época.
O casarão permaneceu sob posse da família até 1913 e abrigou, além da residência, estabelecimentos comerciais e o quartel da Guarda Nacional.

Reconhecido como um marco histórico e arquitetônico, foi tombado em 1980 pela Fundação Catarinense de Cultura.

Entre 1984 e 1985, passou por uma ampla reforma conduzida pela Prefeitura Municipal de São José, e em 1988 reabriu ao público com dupla função:
• Piso inferior: Biblioteca Pública Municipal
• Piso superior: Museu Histórico Municipal de São José",Entre 1750 e 1913 (com eventos até 1988 relacionados ao casarão da família),,,,,Documento textual / registro histórico,,Século XVIII ao início do século XX,Família Ferreira de Mello / Prefeitura Municipal de São José / Fundação Catarinense de Cultura,,https://drive.google.com/drive/folders/1VnHddmUsXPqZiOJPjh5CKyiA3tkNN8Vc,
Bolsas,Costumes do Passado,No,"Metadados/17072025-IMG_0503_(1).jpg, Metadados/17072025-IMG_0505_(1).jpg","Acessórios de Moda, Têxtil","A bolsa pertencia à Sra. Adélia Gama Ferreira de Mello, natural de Brusque (SC), nascida em 03 de julho de 1900.
Era casada com o Sr. João Ferreira de Mello, que mantinha correspondência com seu pai, João Luiz Ferreira de Mello.
A peça é feita em alpaca, material metálico muito utilizado na época por seu brilho semelhante à prata.
Essas bolsas eram comuns entre mulheres das classes médias e altas nas festas e eventos sociais do início do século XX, simbolizando elegância e refinamento.",Aproximadamente entre 1900 e 1920,,,Excelente,,Alpaca,,Início do século XX,Proprietária: Adélia Gama Ferreira de Mello,,https://drive.google.com/drive/folders/157J0gT24eQnukL0NwEWrBEIh6ndDibqn?usp=drive_link,
Adolpho Mello,Costumes do Passado,No,"Metadados/17072025-_MG_6643_(2).jpg, Metadados/17072025-_MG_6647_(1).jpg, Metadados/17072025-_MG_6644_(1).jpg","Biográfica, Musical","João Adolpho Ferreira de Mello, conhecido como Adolpho Mello, nasceu em 20 de outubro de 1862, em São José (SC). Foi um dos maiores musicistas de sua época, violinista e maestro renomado, reconhecido por seu talento e dedicação à música. Apresentou-se em diversas cidades de Santa Catarina, incluindo São José, Desterro (atual Florianópolis) e Laguna. Recusou o cargo de primeiro violino do Teatro Lírico do Rio de Janeiro por modéstia. Publicou em 1901 o livro “Pequena arte da expressão do violino ou nuanças que fazem bem à beleza da execução” e deixou 14 óperas para violino e piano. Faleceu em 1º de novembro de 1926, deixando um legado artístico e cultural marcante. Em sua homenagem, o Theatro Municipal de São José passou a se chamar Theatro Adolpho Mello em 1981.

Principais Composições:
• Acalentando Berceuse / Adágio da Sonata de Beethoven
• Ária e Trêmulo Op. 3 / Ária Variada (Carnaval)
• Canários / Canção n° 2 Op. 24
• Capricho e Tarantella Op. 4 / Legenda Op. 17
• Marta de Flotow (Popourri) / Meditação (Melodia)
• Nas Selvas (Melodia) / Nostalgia Op. 7
• Primitivas Op. 4 / Reminiscências (Fantasia)
• Rhapsodia Op. 18 / Romance e Mazurka Op. 18
• Serenata / Souvenir de Verdi (Fantasia)
• Tarantella n° 2 Op. 11",1862 – 1926,,,Excelente,,,,Final do século XIX – início do século XX,Adolpho Mello,Composição musical para violino e piano,https://drive.google.com/drive/folders/18UF1LwJanOB2ZTAkbeHdb5NqUbms9IIG?usp=drive_link,
Chapéus,Costumes do Passado,Yes,"Metadados/17072025-IMG_0501_(1).jpg, Metadados/17072025-IMG_0507_(1).jpg, Metadados/17072025-IMG_0496_(1).jpg, Metadados/17072025-IMG_0491_(2).jpg","Acessórios de Moda, Têxtil","Os três chapéus pertenciam à Sra. Alcídia Sanford Ferreira de Mello, carinhosamente chamada de “Francesa” pelos amigos. Nascida em 11 de junho de 1895, Alcídia casou-se com Áureo Ferreira de Mello em 1913.
Era conhecida como uma mulher elegante e extremamente vaidosa.
Os chapéus foram utilizados entre as décadas de 1930 e 1960, refletindo o estilo e a moda feminina da época, além de revelarem aspectos da identidade social e estética das mulheres de classe média e alta do período.",Entre 1930 e 1960,,,,,,,"Décadas de 1930, 1940, 1950 e 1960",Proprietária: Alcídia Sanford Ferreira de Mello,,https://drive.google.com/drive/folders/1JxRov7q4yGkeAerF5G-76NQsHfE6rKd0?usp=drive_link,
Quepe,Acervo Militar,Yes,Metadados/20251215_162937.heic,Militar,,,aprox. 25-30cm de diâmetro,,Bom,,"Tecido (provavelmente algodão ou linho branco), couro (na pala/aba) e fios metálicos dourados.",,Década de 1940,,Costura industrial e alfaiataria militar.,https://drive.google.com/drive/folders/1EvUkfk28lAvURYH_xCdfGqF-_4qdGs-z?usp=drive_link,
Cruzado (1986-1989),Coleção Numismática,Yes,"Metadados/17072025-_MG_6680_(1).jpg, Metadados/17072025-_MG_6670_(1).jpg",Sistema monetário,"Durante a transição do cruzeiro para o cruzado, o padrão visual das cédulas foi mantido. A moeda perdeu três zeros: 1 000 cruzeiros passaram a valer 1 cruzado. Nos primeiros meses, as cédulas antigas foram carimbadas com o novo valor para circulação provisória.",,,,Excelente,Brasil,Papel-moeda,,1986–1989,,Impressão em papel,https://drive.google.com/drive/folders/1ou5zcC-Z8PyWDZcWN21OpDMFU7esFch-?usp=drive_link,
Cruzado Novo (1989-1990),Coleção Numismática,No,"Metadados/17072025-_MG_6668_(1).jpg, Metadados/17072025-_MG_6667_(1).jpg",Sistema monetário,"O cruzado novo substituiu o cruzado na segunda reforma monetária do governo José Sarney. A moeda novamente perdeu três zeros, e durante o período de transição as antigas cédulas foram carimbadas com o novo valor. Posteriormente, novas cédulas específicas do cruzado novo foram emitidas.",,,,Excelente,Brasil,Papel-moeda,,1989–1990,,Impressão em papel,https://drive.google.com/drive/folders/1V32bhZ7rt-QOuVcf0Mv_0XeN3I-4TbpZ?usp=drive_link,
Cruzeiro (1942–1967),Coleção Numismática,Yes,"Metadados/17072025-_MG_6654_(1).jpg, Metadados/17072025-_MG_6657_(1).jpg",Sistema monetário,"Criado em 1942 para substituir o mil-réis, cuja estrutura em milésimos gerava confusões nas transações, o cruzeiro introduziu pela primeira vez o sistema monetário com centavos no Brasil. A equivalência inicial foi de 1 cruzeiro para 1.000 réis — ou um conto de réis.",,,,Excelente,Brasil,Papel-moeda,,1942–1967,,Impressão em papel,https://drive.google.com/drive/folders/1rUmOoKUrGgZWlQJG2d1MwFHou4Obtgq2?usp=drive_link,
Cruzeiro (1990–1993),Coleção Numismática,Yes,"Metadados/17072025-_MG_6675_(1).jpg, Metadados/17072025-_MG_6677_(1).jpg, Metadados/17072025-_MG_6678_(1).jpg, Metadados/17072025-_MG_6680_(1)_(1).jpg",Sistema monetário,"Em 1990, pela terceira vez, a moeda brasileira voltou a se chamar cruzeiro, substituindo o cruzado novo sem alterar seu valor. A hiperinflação desse período provocou rápida desvalorização da moeda, levando à criação de cédulas com valores elevados. Em apenas três anos, já circulavam notas de 50.000 cruzeiros.",,,,Excelente,Brasil,Papel-moeda,,1990–1993,,Impressão em papel,https://drive.google.com/drive/folders/1wEQ4ri-DH5onjVOipJlVrIMlf8W-rSTN?usp=drive_link,
Cruzeiro Novo (1967–1970),Coleção Numismática,No,"Metadados/17072025-_MG_6654_(1)_(1).jpg, Metadados/17072025-_MG_6657_(1)_(1).jpg",Sistema monetário,"O cruzeiro novo marcou uma reforma monetária que retirou três zeros da moeda anterior. As mesmas cédulas do cruzeiro foram usadas durante a transição, recebendo um carimbo com o novo valor. Assim, 1.000 cruzeiros passaram a equivaler a 1 cruzeiro novo.",,,,Excelente,Brasil,Papel-moeda,,1967–1970,,Impressão em papel; carimbo de revalorização,https://drive.google.com/drive/folders/1exXDheOBDqGYdtgVl49kQImX-7csUTTT?usp=drive_link,
Cruzeiro Real (1993),Coleção Numismática,No,Metadados/17072025-_MG_6683.jpg,Sistema monetário,"O cruzeiro real foi instituído em 1993, com a retirada de três zeros da moeda anterior. Algumas das cédulas existentes foram reaproveitadas durante o período de transição, recebendo um carimbo com o novo valor.",,,,Excelente,Brasil,Papel-moeda,,1993,,Impressão em papel; carimbo de revalorização,https://drive.google.com/drive/folders/1y0QvIX_GApCNEodKoP5itWuElOAwz5pc?usp=drive_link,
Real (1994 até hoje),Coleção Numismática,No,,Sistema monetário,"Criado em julho de 1994 como parte do Plano Real, o real surgiu com o objetivo de estabilizar a economia e conter a hiperinflação. Suas cédulas passaram a exibir animais da fauna brasileira em um dos lados e a efígie da República no outro, substituindo a antiga tradição de retratar heróis nacionais, prática dificultada pelas frequentes mudanças monetárias dos anos anteriores.",,,,Excelente,Brasil,Papel-moeda,,1994 – atualidade,,"
Impressão em papel; técnicas modernas de segurança gráfica",,
Real Império (1833–1888),Coleção Numismática,Yes,Metadados/17072025-_MG_6658_(1).jpg,Sistema monetário,"As primeiras cédulas emitidas no Brasil durante o período imperial seguiam o sistema monetário português. A moeda, chamada de ""real"", era popularmente conhecida como “réis”. Essas emissões representam o início da circulação de papel-moeda no país.",,,,Excelente,Brasil,Papel-moeda,,1833–1888,,Impressão em papel,https://drive.google.com/drive/folders/1y_vaM9FUgv8VUYBFQMHPYSgrnD9qvDPh?usp=drive_link,
Real República (1889–1942),Coleção Numismática,Yes,"Metadados/17072025-_MG_6661_(1).jpg, Metadados/17072025-_MG_6663_(1).jpg, Metadados/17072025-_MG_6665_(1).jpg",Sistema monetário,"Após a Proclamação da República, a moeda brasileira continuou sendo o real, agora emitido com novas cédulas. O mil-réis se tornou a forma mais comum de referência, já que representava mil dos antigos reais do Império. O valor de um mil-réis equivalia ao “conto de réis”, unidade usada para grandes valores, correspondente a um milhão de réis imperiais.",,,,Excelente,Brasil,Papel-moeda,,1889–1942,,Impressão em papel,https://drive.google.com/drive/folders/1iCrtfOiuMx8QNELx9urIhVfZK64wYOYP?usp=drive_link,
Pistola de percussão,Acervo Militar,Yes,Metadados/20251215_161739.heic,"Armamentos, Balística, Militar","Pistola de percussão (sistema caplock) com carregamento pela boca (antecarga). Este mecanismo representou um avanço tecnológico sobre as antigas armas de pederneira, garantindo um disparo mais confiável, especialmente em dias úmidos (algo crucial no clima de Santa Catarina). ",1820–1850,Aprox. 30 a 40 cm de comprimento.,,Bom,Brasil,"Madeira (coronha), Latão (chapa da fechadura e guarda-mato) e Ferro/Aço (cano e cão).",,Primeira metade do Século XIX,,Armaria artesanal ou semi-industrial (Forjaria e Marcenaria fina).,https://drive.google.com/drive/folders/1qjvjYFA_SdnJ60P3spiLxgzW6bu7NSZz?usp=drive_link,
Cartuchos,Acervo Militar,Yes,Metadados/20251215_161817.heic,"Armamentos, Balística, Militar","Conjunto didático de cartuchos de munição fabricados pela CBC (empresa fundada em 1926, estratégica para a defesa nacional), ilustrando a variedade de calibres utilizados no século passado.",Meados do Século XX (1930–1970).,"Dimensões: Variadas.
  Munição curta: Aprox. 2,5 a 3,5 cm.    
  Munição longa: Aprox. 7 a 8 cm.",,Bom,Brasil,Latão (estojo) e liga de Chumbo/Cobre (projétil).,,Século XX,,Estampagem e montagem industrial (Prensagem).,https://drive.google.com/drive/folders/1_mCN6bo1Wf0-4gSqu84kXwRNBe-hZrqE?usp=drive_link,
Projéteis de artilharia,Acervo Militar,No,"Metadados/20251215_162158.heic, Metadados/20251215_162202.heic, Metadados/20251215_162206.heic, Metadados/20251215_162211.heic","Armamentos, Balística, Militar","Par de balas de canhão maciças (conhecidas tecnicamente como ""Bala Rasa""). Diferente dos projéteis modernos que explodem, estas esferas causavam dano puramente pelo impacto cinético, destinadas a quebrar o casco de navios inimigos ou derrubar muralhas.",Entre 1700 e 1860 (Estimativa).,Diâmetro estimado entre 10 e 15 cm,,,Indeterminado,Ferro Fundido.,,Séculos XVIII a XIX.,,Fundição em molde de areia (Técnica tradicional de municiamento de artilharia antiga).,https://drive.google.com/drive/folders/1GRQFcW0qyfUl5znHyQg7BcW_Oj8c2EE8?usp=drive_link,
Espingarda de percussão,Acervo Militar,No,,"Armamentos, Militar"," Espingarda de percussão com sistema de antecarga (conhecida popularmente como ""espingarda de socar"" ou ""pica-pau""). O carregamento é feito inserindo a pólvora e o projétil pela boca do cano, socando-os com uma vareta, e o disparo ocorre através da detonação de uma espoleta externa. Embora fabricada no século XX, esta peça utiliza uma tecnologia tecnológica anterior (século XIX). ",Século XX,Aprox. 100 a 120 cm de comprimento total (estimado).,,Regular,Brasil,Ferro (cano e mecanismo) e Madeira (coronha/fuste).,,Primeira metade do Século XX,,Forjaria e marcenaria,,
Medalhas,Acervo Militar,Yes,Metadados/20251215_162000.heic,"Condecorações, Militar",Conjunto de medalhas pendentes que representam a trajetória do militar.,,Aprox. 8cm de altura cada medalha.,,Bom,,Bronze/Metal esmaltado e fita de gorgorão (tecido).,,Década de 1940/1950.,,Cunhagem (metal) e tecelagem (fitas).,https://drive.google.com/drive/folders/129TDasnOPSRn-DB1oR0v_GLGoS7JwLiQ?usp=drive_link,
Projeteis de artilharia,Acervo Militar,No,,"Armamentos, Balística, Militar"," Par de projéteis de artilharia de 37mm, do tipo perfurante cinético (sólidos, sem carga explosiva), expostos sob cúpula de vidro. Este calibre foi amplamente empregado em canhões de tiro rápido e antitanque durante os conflitos da Era Vargas (como as Revoluções de 1930 e 1932), períodos que impactaram diretamente a movimentação de tropas em Santa Catarina. A peça integra o acervo da Sala Militar, dialogando com a própria história do Solar da família Ferreira de Mello, que no século XIX abrigou a Guarda Nacional e serviu de base para forças de segurança locais. 

",Século XX,Calibre 37mm,,Regular,Brasil,Aço sólido,,Século XX,,Fundição e Usinagem,,
Conjunto de Armas Brancas,Acervo Militar,No,,"Armamentos, Militar","A vitrine contém dois tipos de armas distintas: Sabre: A espada longa de lâmina ligeiramente curva. É usada por oficiais em cerimônias solenes. O punho geralmente tem o desenho de uma cabeça de leão ou motivos navais. Espadim: A peça menor e reta. Na tradição militar, o espadim é o símbolo da ""alma do cadete"" ou a honra do oficial em formação, mas também usado em trajes de gala específicos.",,A maior tem aprox. 90cm (lâmina curva). Já a menor tem aprox. 40cm (lâmina reta).,,Regular,,"Aço (lâminas), Latão (guarnições douradas), Couro (bainhas) e possivelmente Marfim ou Baquelite (cabos).",,Século XX,,"Forjaria, fundição e ourivesaria.",,
Fuzil Alemão,Acervo Militar,No,,"Armamentos, Militar","Trata-se do Fuzil de Comissão Modelo 1888 (Gewehr 88). Esta arma representa um marco tecnológico: foi uma das primeiras a utilizar cartuchos com ""pólvora sem fumaça"" e o calibre 7x57mm (ou 7,92mm original), conferindo maior alcance e precisão.",1891,Aprox. 124 cm de comprimento total,,Bom,,Aço (cano e mecanismos) e Madeira de nogueira ou similar (coronha e fuste).,,Final do Século XIX,,Usinagem industrial de precisão e armaria clássica.,,
Charrete Trole,Ofícios do Passado,No,Metadados/temp_1772567818283.jpg,Transporte,"Charrete de tração animal utilizada para o transporte de até dois passageiros e um cocheiro. Pertenceu ao coronel Américo, importante latifundiário da região do bairro de Barreiros. Representa um meio de transporte característico do início do século XX, comum em áreas rurais e semiurbanas.","Ano aproximado de fabricação: 1910
",,,Excelente,,,,Início do século XX,Proprietária: Coronel Américo,,https://drive.google.com/file/d/10v4SPPola_vPhRux978zzux9a0uTMhCz/view?usp=drive_link,
Tenente Leovegildo Pinheiro,Acervo Militar,Yes,"Metadados/20251215_162026.heic, Metadados/20251215_162012.heic","Documento Textual, Militar, Registro Histórico","Nascido em 1911 na cidade de Belém do Pará. Ingressou aos 16 anos na Marinha de Guerra do Brasil (como Grumette). Aos 20 anos foi para a  Escola de Aprendizes Marinheiros em Florianópolis, que na época localizava-se embaixo da ponte Hercílio Luz. Aos 24 anos casou-se com a josefense Elza Bunn Pinheiro e teve 9 filhos.
Durante a Segunda Guerra Mundial serviu nossa Pátria indo para a Itália fazendo o patrulhamento do comboio da costa brasileira.
Após entrar na reserva, em 1950, optou por estabelecer-se em São José - SC.

Costumava dizer:
""A Marinha foi sua segunda mãe e a cidade São José a sua cidade do coração.”",1911,,,,Belém do Pará,,,Século XX,,,https://drive.google.com/drive/folders/1yxlIYaXjz3dw4TG64KcozEy6G8fY0yZW?usp=drive_link,
Traje do Imperador da Festa do Divino,Patrimônio Material/Cultura,No,Metadados/Traje_do_Imperador_do_Divino(1).heic,"Confecção, Patrimônio Material, Religioso, Têxtil","  • Traje cerimonial utilizado pelo Imperador do Divino Espírito Santo durante as festas religiosas de origem açoriana.
  • O traje é composto por casaca vermelha ricamente bordada em dourado, punhos rendados e chapéu com pluma, simbolizando a solenidade e a importância da figura do imperador na celebração.
  • Nas festas do Divino, o imperador é escolhido pela comunidade para representar a devoção e a partilha, conduzindo procissões e atos religiosos.
  • A peça preserva a memória da religiosidade popular e reforça a identidade cultural açoriana, unindo fé, tradição e estética cerimonial.
",,,,Excelente,São José - SC,"Tecido bordado, rendas, pluma",,,,"Costura artesanal, bordado em dourado, aplicação de rendas e plumas",https://drive.google.com/file/d/1X0dWBSsjX7ru8CrCqPmCqq3kUhlzx41T/view?usp=drivesdk,
Renda de Bilro (Artesanato Típico),Patrimônio Material/Cultura,No,Metadados/Renda_de_Bilro_(Artesanato_Tpico)_(1).jpg,"Artesanato, Açoriano, Patrimônio Material, Registro Histórico","  • Conjunto de utensílios utilizados na confecção da Renda de Bilro, técnica artesanal de origem açoriana que se mantém viva em comunidades do litoral catarinense.
  • A prática consiste em entrelaçar fios com o auxílio de bilros de madeira sobre uma almofada cilíndrica, criando rendas delicadas e complexas.
  • A renda era tradicionalmente usada em roupas, enxovais e peças decorativas, simbolizando habilidade manual, paciência e transmissão cultural entre gerações.
  • É considerada patrimônio cultural imaterial, mas também se materializa em instrumentos como almofadas, bilros e suportes, como este conjunto.
",,,,,São José - SC,"Madeira, tecido, fios de algodão/linho",,,,"Artesanato manual, entrelaçamento de fios com bilros sobre almofada cilíndrica",https://drive.google.com/file/d/174_fP28TOSGzLa5dixl-cnAf_UgPoNHL/view?usp=drive_link,
Procissão do Senhor dos Passos,Patrimônio Material/Cultura,No,Metadados/Procisso_do_Senhor_dos_Passos.jpg,"Artesanato, Açoriano, Cerâmica, Escultura, Olaria, Religioso","  • Escultura em argila representando a Procissão do Senhor dos Passos, uma das manifestações religiosas mais tradicionais da cultura açoriana em Santa Catarina.
  • A procissão simboliza a Paixão de Cristo e mobiliza a comunidade em atos de fé e devoção, reforçando a identidade religiosa e cultural de São José.
  • A obra retrata os carregadores levando a imagem de Cristo coroado de espinhos e com a cruz, destacando o caráter coletivo e devocional da celebração.
Essa representação artística preserva a memória da religiosidade popular e valoriza o patrimônio imaterial por meio da arte material.
",,,,Excelente,São José - SC,Argila modelada e pintada,,,,"Modelagem em argila, pintura artesanal",https://drive.google.com/file/d/1IBOsz3rI9V1EjYb3KXOVm4pg-oR-Mfok/view?usp=drive_linkk,
Pescaria,Patrimônio Material/Cultura,No,Metadados/Pescador.jpg,"Artesanato, Açoriano, Escultura, Olaria, Religioso","  • Escultura em terracota representando um pescador em sua canoa, atividade fundamental para a subsistência e economia das comunidades açorianas do litoral catarinense.
  • A pesca artesanal é uma prática transmitida entre gerações, que integra o cotidiano e a identidade cultural da região.
  • A obra valoriza o trabalho do pescador como símbolo da ligação entre o homem e o mar, reforçando a importância da tradição marítima açoriana.
",,,,Excelente,São José - SC,Terracota (barro cozido),,,,"Modelagem em barro, escultura artesanal, queima em forno",https://drive.google.com/file/d/1jhaBPNpQHgAWiJyKFQuTaB6fBpJEO61c/view?usp=drivesdk,
Pau de Fita,Patrimônio Material/Cultura,No,Metadados/Pau_de_Fita.jpg,"Artesanato, Açoriano, Cerâmica, Escultura, Olaria","  • Conjunto de figuras em cerâmica representando a dança popular Pau de Fita, tradição de origem açoriana que se mantém viva em diversas comunidades catarinenses.
  • A dança é realizada em torno de um mastro central com fitas coloridas, que os participantes entrelaçam em movimentos coreografados, simbolizando união, alegria e celebração comunitária.
  • A obra, assinada por Myllene Machado de Albuquerque, valoriza a memória folclórica e reforça a transmissão cultural entre gerações por meio da arte popular.
",,,,Excelente,São José - SC,Argila modelada e pintada,,,,"Modelagem em argila, pintura artesanal
",https://drive.google.com/file/d/1EWnemtBP8L0mIeYCpCT0ziJvKIcoeAQo/view?usp=drivesdk,
Jovem Oleiro,Patrimônio Material/Cultura,No,Metadados/Oleiro.jpg,"Artesanato, Açoriano, Cerâmica, Escultura, Olaria","  • Escultura em terracota representando um oleiro em sua oficina, moldando peças de barro sobre a roda de oleiro.
  • A obra retrata a prática tradicional da olaria, atividade fundamental para a vida cotidiana das comunidades açorianas, responsável pela produção de utensílios domésticos como panelas, jarras e potes.
  • Assinada por Lourival Medeiros em 2015, a peça valoriza a memória do trabalho artesanal e preserva o saber transmitido entre gerações.
  • É um testemunho da importância da cerâmica utilitária e artística na cultura açoriana de São José.
",2015,,,Excelente,São José - SC,Terracota (barro cozido),,Século XXI,,"Modelagem em barro, escultura artesanal, queima em forno",https://drive.google.com/file/d/11kqYfeOMrRETP6iQkBpvzPWUKHPuTagM/view?usp=sharing,
Igreja Matriz,Patrimônio Material/Cultura,No,Metadados/Igreja_Matriz.jpg,"Artesanato, Açoriano, Cerâmica, Escultura, Olaria, Religioso","  • Maquete artesanal da Igreja Matriz de São José, construída em escala reduzida com técnica de modelagem em placa de argila.
  • A Igreja Matriz é um dos principais símbolos da colonização açoriana em Santa Catarina, destacando-se pela sua arquitetura típica e relevância religiosa e comunitária.
  • A obra do artesão Luciano da Silva preserva e valoriza a memória arquitetônica e cultural da cidade, permitindo que visitantes compreendam a importância histórica do templo e a tradição da cerâmica como expressão artística.",,,,Excelente,São José - SC,"Argila modelada, pintura artesanal, base em resina",,,,"Modelagem em placa de argila, pintura manual, composição arquitetônica em escala",https://drive.google.com/file/d/1YsOovJqQyIJ8VrIz2lPYK32sKlC5x7Cl/view?usp=drive_link,
Culto ao Divino Espírito Santo,Patrimônio Material/Cultura,No,Metadados/Culto_ao_Divino_Esprito_Santo.jpg,"Arte Popular, Artesanato, Açoriano, Cerâmica, Escultura, Olaria, Patrimônio Material, Religioso","  • Conjunto de figuras em cerâmica representando o Culto ao Divino Espírito Santo, tradição de origem açoriana que se mantém viva em diversas comunidades do litoral catarinense.
  • O culto envolve procissões, coroações, bandeiras e festejos comunitários, simbolizando fé, solidariedade e partilha.
  • As figuras retratam personagens e elementos típicos da celebração, como o cortejo, a coroa e o barco com a inscrição “Espírito Santo”, reforçando a dimensão religiosa e cultural da prática.
  • Essa manifestação é considerada patrimônio imaterial, mas também se materializa em objetos como bandeiras, coroas e representações artísticas, como este conjunto.",,,,,São José - SC,Cerâmica pintada,,,,"Modelagem em cerâmica, pintura artesanal",https://drive.google.com/file/d/1J9ufbQzClC9OZHPlcXFlHsgV8c4t8svs/view?usp=drive_link,
Boi de Mamão,Patrimônio Material/Cultura,No,Metadados/Boi_de_Mamo.jpg,"Arte Popular, Artesanato, Açoriano, Cerâmica, Escultura, Olaria, Patrimônio Material, Registro Folclórico","  • Conjunto de figuras em cerâmica representando personagens do folguedo popular Boi de Mamão, manifestação cultural de origem açoriana presente em Santa Catarina.
  • O Boi de Mamão é uma encenação folclórica que mistura teatro, música e dança, com personagens como o boi, o urubu, o cavalo, a bernunça e o vaqueiro.
  • Essa tradição, transmitida oralmente e praticada em comunidades litorâneas, simboliza a resistência cultural açoriana e sua integração ao cotidiano catarinense.
  • As figuras coloridas e estilizadas reforçam o caráter festivo e comunitário da manifestação.",,,,Excelente,São José - SC,Cerâmica pintada,,,,"Modelagem em cerâmica, pintura artesanal",https://drive.google.com/file/d/13UJXEi2Nf-pACmYx6GmttrNgmr8ixML8/view?usp=drive_link,
Bica da Carioca,Patrimônio Material/Cultura,No,Metadados/Bica_da_Carioca.jpg,"Artesanato, Cerâmica, Escultura, Olaria","  • Escultura em barro representando a Bica da Carioca, fonte histórica de abastecimento de água da cidade de São José.
  • A Bica da Carioca é um dos símbolos da cultura açoriana local, associada ao cotidiano das famílias que utilizavam suas águas para consumo e atividades domésticas.
  • A obra reproduz a cena com figuras humanas estilizadas, reforçando o caráter comunitário e social do espaço.
  • Este tipo de representação artística valoriza a memória coletiva e preserva tradições ligadas ao patrimônio material e imaterial da cidade.",,,,Excelente,São José - SC,"Barro, gesso, pintura artesanal",,,,"Modelagem em barro, pintura manual, composição cenográfica",https://drive.google.com/file/d/1B4RsxObFIAKq1ymq_M55_bNLMDP28Hve/view?usp=drive_link,
Escultura de Pomba em Madeira (7 Virtudes),Patrimônio Material/Cultura,No,Metadados/11072025-_MG_6621.jpg,"Arte Sacra, Artesanato, Escultura, Patrimônio Material, Religioso","  • Escultura em madeira representando a pomba, símbolo do Divino Espírito Santo, com raios dourados ao redor.
  • A peça está associada às sete virtudes (fé, esperança, caridade, prudência, justiça, fortaleza e temperança), elementos centrais da religiosidade católica e da tradição açoriana.
  • Utilizada em festas e celebrações do Divino Espírito Santo, reforça a devoção comunitária e a transmissão cultural entre gerações.
  • É um exemplo da arte sacra popular, que une estética artesanal e significado espiritual.",,,,Bom,São José - SC,Madeira entalhada e pintada,,,,"Entalhe em madeira, pintura artesanal, aplicação de raios dourados",https://drive.google.com/file/d/1Wo-1dK2295drQx_MyWxPWWmMnm3pFG6g/view?usp=drive_link,
"Pintura ""Nosso Senhor dos Passos”",Patrimônio Material/Cultura,No,Metadados/11072025-_MG_6619.jpg,"Açoriano, Patrimônio Material, Pintura, Religioso","  • Pintura devocional representando Nosso Senhor dos Passos, figura central das procissões religiosas em São José e em diversas comunidades açorianas.
A obra retrata Cristo carregando a cruz, vestindo túnica roxa com detalhes dourados, símbolo da Paixão e da fé católica.
  • A devoção ao Senhor dos Passos é uma das mais tradicionais da religiosidade açoriana, com procissões que mobilizam a comunidade e reforçam a memória coletiva.",,,,Excelente,São José - SC,,,,,"Pintura sobre tela, estilo devocional, moldura dourada ornamentada",https://drive.google.com/file/d/10r29k6f3qgRq9_NBTlFZYiOanG7ORyIT/view?usp=drivesdk,
Cerâmica Utilitária,Patrimônio Material/Cultura,No,Metadados/11072025-_MG_6595.jpg,"Artefato Cotidiano, Artesanato, Açoriano, Cerâmica, Olaria, Patrimônio Material, Registro Histórico","  • Conjunto de peças em cerâmica utilitária, incluindo potes, jarras e vasos, utilizados para armazenamento de alimentos, líquidos e preparo de refeições.
  • A cerâmica era fundamental na vida cotidiana das famílias açorianas, tanto pela funcionalidade quanto pela durabilidade, sendo produzida em olarias locais.
  • Representa práticas domésticas tradicionais e técnicas artesanais transmitidas entre gerações, reforçando a identidade cultural açoriana em São José e região.",,,,Excelente,São José - SC,Barro cozido (terracota),,,,"Modelagem manual, torno de oleiro, queima em forno artesanal",https://drive.google.com/file/d/1beWecw2m6WYyEEj2nTmgt8Kw8wW6O3cq/view?usp=drive_link,
Cardeal Dom Jaime de Barros Câmara,Religiosa,Yes,Metadados/Cardeal_Dom_Jaime_de_Barros_Cmara.jpg,Religioso,"Retrato em perfil do Cardeal Dom Jaime de Barros Câmara, representado com vestes eclesiásticas vermelhas e insígnias religiosas, destacando sua posição de alto membro da Igreja Católica. A obra apresenta moldura ornamentada, reforçando o caráter solene e institucional do retrato.",,,Igreja Católica,Excelente,Brasil,,,Cerda de 1946–1960,,,https://drive.google.com/drive/folders/1tip1QzhH534fh2lpSWlvJqLY51-jE9pC,
Foto 1,Política/Administrativa,No,Metadados/20260415_172953(2).jpg,"Registro Fotográfico, Registro Histórico",,,,,,,,,,,,https://drive.google.com/file/d/11Tq5Bo3_phbhYHNcpm2zqRuBdL3mv23A/view?usp=drive_link,
Foto 2,Política/Administrativa,No,Metadados/20260415_173058(1).jpg,"Registro Fotográfico, Registro Histórico",,,,,,,,,,,,https://drive.google.com/file/d/1GRjMVQNQw1bc8dzLXl1Fj1slGgpSFXPF/view?usp=drive_link,
Foto 3,Política/Administrativa,No,Metadados/20260415_173153(2).jpg,"Registro Fotográfico, Registro Histórico",,,,,,,,,,,,https://drive.google.com/file/d/1nCwWiNTJ14z_HTNv2Yaw3LQ7XKyuEapx/view?usp=drive_link,
Foto 4,Política/Administrativa,No,Metadados/20260415_173312(1).jpg,"Registro Fotográfico, Registro Histórico",,,,,,,,,,,,https://drive.google.com/file/d/1SzAWZGEw2FhyGp3Fv39iMdZeLmus4UYh/view?usp=drive_link,
Foto 6,Política/Administrativa,No,Metadados/20260415_173424(1).jpg,"Registro Fotográfico, Registro Histórico",,,,,,,,,,,,https://drive.google.com/file/d/1-Y8gjbRhLH2s3bsXEPh1eQoyeWlyV84L/view?usp=drive_link,
Foto 5,Política/Administrativa,No,Metadados/20260415_173247(1).jpg,"Fotos, Registro Fotográfico, Registro Histórico",,,,,,,,,,,,https://drive.google.com/file/d/1SzAWZGEw2FhyGp3Fv39iMdZeLmus4UYh/view?usp=drive_link,
Foto 7,Política/Administrativa,No,Metadados/20260415_173352(1).jpg,,,,,,,,,,,,,https://drive.google.com/file/d/1oL5eBefZN1ZwVWwk3_AROOsmDi6q80AY/view?usp=drive_link,
Maquina de Escrever Smith Premier nº2,Política/Administrativa,No,"Metadados/20260415_174250.jpg, Metadados/20260415_174257.jpg","Antiguidade, Tecnologia da Escrita","  • Origem: Criada pela Smith Premier Typewriter Company em Syracuse, Nova York, em 1890.
  •  Inventor: Alexander Brown, que trabalhava para os irmãos Smith, originalmente fabricantes de armas.
  • Diferencial: Foi uma das primeiras máquinas com teclado completo (full-keyboard), permitindo digitar todas as letras sem precisar de combinações.",1890–1910,"Altura 24 cm, largura 38 cm, profundidade 30 cm (Aprox.)",,Bom,,"Metal, celuloide, tinta",,,,,https://drive.google.com/file/d/1Ixvg9P9S1h25fSflBk6B_KzwZNtrdTiI/view?usp=drive_link,https://drive.google.com/file/d/1Zvo4p4WMM5qD9eQ5wxGE1AUCopGol9HQ/view?usp=drive_link
Mata Borrão,Política/Administrativa,No,Metadados/20260415_174317.jpg,"Antiguidade, Escritório, Ferramenta de Escrita, Patrimônio Material, Tipografia","  • Era usado em escritórios e escritórios domésticos antes da popularização das canetas esferográficas.
  • A função principal era absorver o excesso de tinta deixado pela caneta tinteiro no papel, evitando borrões.
  • Possui uma base curva com papel absorvente preso por baixo e uma alça superior para segurar e passar sobre a escrita.",Final do século XIX – primeira metade do século XX,Aproximadamente 10 × 6 × 5 cm,,Bom,,"Madeira, papel absorvente",,Século XIX – XX,,"Entalhe em madeira, montagem manual com papel absorvente",https://drive.google.com/file/d/1g7joehvkr6Mfsi_TYlmAkBTiP1JnuE4_/view?usp=drive_link,
Suporte para caneta tinteiro com reservatório de tinta,Política/Administrativa,No,Metadados/20260415_174323.jpg,"Acessórios de Escrita, Antiguidade, Escritório, Ferramenta de Escrita, Patrimônio Material","  • Utilizado em escritórios e ambientes domésticos como suporte para caneta tinteiro e reservatório de tinta.
  • Servia para manter a caneta em posição adequada e facilitar o uso cotidiano da escrita manual antes da popularização das canetas esferográficas.
  • Representa práticas de escrita do século XIX e XX, associadas ao trabalho administrativo e à cultura escrita.
",Final do século XIX – primeira metade do século XX,Aproximadamente 8 × 5 × 4 cm,,Bom,,"Plástico preto, acrílico transparente",,Século XIX – XX,,"Moldagem em plástico, encaixe com peça transparente",https://drive.google.com/file/d/1JC3SiyqleWmJOwKotaGTfNHJ19rvlien/view?usp=drive_link,
Telefone de disco preto metálico,Política/Administrativa,No,"Metadados/20260415_174334.jpg, Metadados/20260415_174343.jpg","Antiguidade, Comunicação, Escritório, Patrimônio Material, Registro Histórico","  • Utilizado em escritórios e residências durante o século XX como meio de comunicação por voz.
  • O telefone de disco representou um avanço tecnológico em relação aos modelos anteriores de magneto e manivela, permitindo discagem direta de números.
  • É um símbolo da evolução das telecomunicações e da vida cotidiana antes da popularização dos telefones digitais e celulares.
",Primeira metade do século XX (aprox. 1930–1960),Aproximadamente 25 × 20 × 15 cm,,Bom,,"Metal, plástico, componentes elétricos",,Século XX,,"Montagem industrial, componentes elétricos e mecânicos",https://drive.google.com/file/d/1VfnikNSzZ3qeqaoEEfbqm_rAhTUv5ULo/view?usp=drive_link,https://drive.google.com/file/d/1PLApeIqXWSo9CdbZALSfdbslnKZJN7UC/view?usp=drive_link
Porta‑cachimbo e fumo em madeira torneada,Política/Administrativa,No,Metadados/20260415_174352.jpg,"Antiguidade, Artefato Cotidiano, Artesanato, Patrimônio Material, Tabaco e Fumo","  • Objeto produzido em madeira torneada, utilizado como suporte para cachimbo e armazenamento de fumo.
  • Representa hábitos sociais e culturais relacionados ao consumo de tabaco, comuns nos séculos XIX e XX, quando fumar cachimbo era prática difundida em ambientes domésticos e sociais.
  • A peça evidencia técnicas artesanais de marcenaria e o uso de madeira como material para objetos cotidianos.
",Século XIX – XX,Aproximadamente 15 × 10 × 10 cm,,Excelente,,Madeira polida,,Século XIX – XX,,"Torneamento em madeira, acabamento manual",https://drive.google.com/file/d/1pDDZqzN9-QzTOaUKtcIwy2kprd-IS8iy/view?usp=drive_link,
"Mastro com bandeiras de São José, Santa Catarina e Brasil",Política/Administrativa,No,"Metadados/20260415_174423.jpg, Metadados/20260415_174406.jpg","Antiguidade, Patrimônio Material, Patriótico, Registro Histórico","  • Conjunto de bandeiras expostas em mastro, representando o município de São José, o estado de Santa Catarina e a República Federativa do Brasil.
  • Utilizado em cerimônias oficiais e eventos cívicos, simbolizando identidade local, estadual e nacional.
  • A presença simultânea das três bandeiras reforça a importância da integração entre município, estado e nação no início do século XX.
",Aproximadamente 1920,,,Excelente,São José - SC,"Tecido (bandeiras), madeira (mastros)",,Início do século XX,,Costura e bordado em tecido; montagem em mastro de madeira,https://drive.google.com/file/d/1aso7022PCtb_aTzffH8PYuKn3FaDZTzA/view?usp=drive_link,https://drive.google.com/file/d/1fQJXCHMgblyK14dRwuLKmHBDyYP-Z4jf/view?usp=drive_link
Telefone de parede em madeira com campainha metálica,Política/Administrativa,No,Metadados/20260415_174442.jpg,"Antiguidade, Comunicação, Escritório, Patrimônio Material, Registro Histórico","  • Modelo de telefone fixo de parede, composto por caixa de madeira com campainhas metálicas e bocal em Bakelite.
-Utilizado em residências e repartições públicas no final do século XIX e início do século XX, representando os primeiros avanços das telecomunicações no Brasil.
  • Este tipo de aparelho funcionava por meio de linhas telefônicas manuais, operadas em centrais, e simboliza a transição da comunicação escrita para a comunicação por voz.
",Final do século XIX – início do século XX,Aproximadamente 30 × 20 × 15 cm,,Bom,,"Madeira, metal, Bakelite, componentes elétricos",,Século XIX – XX,,"Montagem industrial, torneamento em madeira, componentes elétricos e mecânicos",https://drive.google.com/file/d/1sInlIA4NEW7C7FHJXB_kUfvq1AuoKpTS/view?usp=drive_link,
Mesa de escritório em madeira com luminária antiga,Política/Administrativa,No,Metadados/20260415_174519.jpg,"Antiguidade, Escritório, Mobiliário, Patrimônio Material, Registro Histórico","  • Mesa de escritório em madeira maciça, acompanhada de luminária com base metálica e cúpula de vidro decorada.
  • Utilizada em ambientes administrativos e domésticos, representa práticas de trabalho e estudo do início do século XX.
  • A luminária evidencia o uso de iluminação elétrica em móveis de época, enquanto a mesa reflete o design clássico e artesanal da marcenaria.",Início do século XX (aprox. 1900–1930),,,Excelente,,"Madeira, metal, vidro",,Século XX,,"Marcenaria artesanal, montagem industrial da luminária, vidro decorado",https://drive.google.com/file/d/1qh5x8s6dzj3AVHVMpGyIP-uSB9rE1ePO/view?usp=drive_link,
Gabinete em madeira com acabamento torneado,Política/Administrativa,No,Metadados/20260415_174529.jpg,"Antiguidade, Artefato Cotidiano, Mobiliário, Patrimônio Material, Registro Histórico","  • Móvel em madeira maciça, utilizado como gabinete ou pequeno baú para armazenamento de objetos pessoais ou documentos.
  • Representa práticas domésticas e administrativas do início do século XX, evidenciando o trabalho artesanal da marcenaria e o design clássico com bordas arredondadas e painéis verticais.
  • Este tipo de mobiliário era comum em residências e escritórios, refletindo tanto funcionalidade quanto estética.
",Início do século XX (aprox. 1900–1930),,,Excelente,,Madeira polida,,Século XX,,"Marcenaria artesanal, acabamento polido",https://drive.google.com/file/d/1hDwKGO41YsqAHbTYlSi4QElWKV0klfuf/view?usp=drive_link,
Lampião a óleo em vidro com chaminé,Política/Administrativa,No,Metadados/20260415_174610.jpg,"Antiguidade, Artefato Cotidiano, Iluminação, Patrimônio Material, Registro Histórico","  • Lampião em vidro transparente com base decorada e chaminé cilíndrica, utilizado para iluminação doméstica.
  • Funcionava com óleo ou querosene, sendo aceso por pavio regulado em queimador metálico.
  • Representa práticas cotidianas de iluminação anteriores à difusão da energia elétrica, comuns em residências e espaços públicos até meados do século XX.",Final do século XIX – primeira metade do século XX,Aproximadamente 30 × 12 × 12 cm,,Bom,,"Vidro, metal",,Século XIX – XX,,"Vidro soprado com gravação decorativa, montagem metálica para queimador",https://drive.google.com/file/d/1QOpjdtzyJFcn985RKkXGjMtcXQ6awC-x/view?usp=drive_link,
Mesa administrativa em madeira com cadeiras e lampião central,Política/Administrativa,No,Metadados/20260415_174626.jpg,"Antiguidade, Escritório, Mobiliário, Patrimônio Material, Registro Histórico","  • Conjunto de mesa retangular em madeira com cadeiras, utilizado em ambientes administrativos e políticos para reuniões e atividades de gestão pública.
  • O lampião a óleo disposto ao centro reforça o uso de iluminação tradicional anterior à difusão da energia elétrica.
  • Representa práticas administrativas e políticas do início do século XX, evidenciando tanto a funcionalidade quanto a estética do mobiliário artesanal em repartições públicas.
",Início do século XX (aprox. 1900–1930),,,Excelente,São José - SC,"Madeira, vidro e metal (lampião)",,Século XX,,"Marcenaria artesanal, montagem manual, vidro soprado e metal no lampião",https://drive.google.com/file/d/1sx2eWTyP56IUUt7lSv_x_2HcO6PYLLx_/view?usp=drive_link,
Painel de retratos de autoridades municipais com brasão,Política/Administrativa,No,"Metadados/20260415_174756.jpg, Metadados/20260415_174706.jpg, Metadados/20260415_174716.jpg, Metadados/20260415_174724.jpg, Metadados/20260415_174730.jpg","Antiguidade, Iconografia, Político-Administrativo, Registro Fotográfico, Registro Histórico","  • Painel composto por retratos emoldurados de autoridades municipais, organizados em sequência cronológica ou hierárquica.
  • A presença do brasão da República Federativa do Brasil reforça o caráter oficial e administrativo da exposição.
  • Representa a memória política e institucional de São José, documentando a sucessão de líderes e gestores públicos ao longo do tempo.",,,,Excelente,São José - SC,"Papel impresso, madeira (molduras), vidro (proteção)",,,,"Impressão em papel, gravura, montagem em moldura de madeira com vidro protetor",https://drive.google.com/file/d/1GIEz3RjMADLVzI3N_MSZ2Vyw_nNCjjUK/view?usp=drive_link,
Cabideiro de parede em madeira com espelho e ganchos metálicos,Política/Administrativa,No,"Metadados/20260415_174915.jpg, Metadados/20260415_174932.jpg","Antiguidade, Artefato Cotidiano, Mobiliário, Patrimônio Material, Político-Administrativo","  • Cabideiro de parede em madeira com espelho central e ganchos metálicos com ponteiras cerâmicas.
  • Utilizado em repartições públicas e ambientes administrativos para organização de vestimentas e acessórios.
  • Representa práticas cotidianas de trabalho e convivência em espaços políticos e administrativos do início do século XX, evidenciando tanto funcionalidade quanto estética do mobiliário artesanal.
",Início do século XX (aprox. 1900–1930),,,,,"Madeira, metal, cerâmica, vidro",,Século XX,,"Marcenaria artesanal, montagem manual, espelharia, metalurgia",https://drive.google.com/file/d/1Zh5znxGHelpwbCDARMLrG1L81yN-KRq2/view?usp=drive_link,https://drive.google.com/file/d/1CwVyaU8Mh25UZbbBnwn6L1uqkwipC0N1/view?usp=drive_link
Batelão de borda lisa em garapuvu – “Martinha”,Patrimônio Material/Cultura,No,Metadados/Batelo_de_Borda_Lisa_-_Esculpida_de_Garapuvu_-_Obra_do_mestre_canoeiro__Rudnei_Alves_sob_a_superviso_do_mestre_oleiro__Lourival_Medeiros.jpg,"Arte Náutica, Açoriano, Patrimônio Material, Registro Histórico","  • O batelão de borda lisa é uma embarcação tradicional açoriana, utilizada para transporte, pesca e atividades cotidianas nas comunidades litorâneas de Santa Catarina.
  • Esculpido em garapuvu, madeira típica da região, representa a continuidade das técnicas artesanais de construção naval transmitidas entre gerações.
  • A obra foi realizada pelo mestre canoeiro Rudnei Alves, sob supervisão do mestre oleiro Lourival Medeiros, reforçando a importância da preservação dos saberes tradicionais.
  • O nome “Martinha” pintado na lateral personaliza a embarcação, prática comum nas comunidades pesqueiras.
",,,,Excelente,,"Madeira de garapuvu, pintura em tinta óleo",,,,"Escultura em madeira de garapuvu, pintura artesanal",https://drive.google.com/file/d/1I-PQoO7YPSgKHAzW3Siu2jnZ2_MwSk3h/view?usp=sharing,
São José dos meus Dias – Acrílico sobre tela,Patrimônio Material/Cultura,No,Metadados/Obra__So_Jos_dos_meus_Dias__-_Acrlico_sobre_tela_-_Artista__Plnio_Verani.jpg,"Açoriano, Patrimônio Material, Pintura, Registro Histórico","  • Obra em acrílico sobre tela do artista Plínio Verani, intitulada “São José dos meus Dias”.
  • A pintura retrata cenas do cotidiano comunitário de São José, com forte inspiração na cultura açoriana e na vida urbana da cidade.
  • A composição vibrante e fragmentada, com traços expressionistas e cubistas, transmite dinamismo e celebra a identidade cultural local.
  • A obra integra o acervo como expressão artística contemporânea que dialoga com a memória coletiva e o patrimônio açoriano.
",,,,Excelente,São José - SC,"Tela, tinta acrílica",,,,"Pintura em acrílico sobre tela, estilo expressionista/cubista",https://drive.google.com/file/d/1GecrRIwYamua1A1N-dpSadzjGTjJsGby/view?usp=drive_link,
Torno de Oleiro Manual,Patrimônio Material/Cultura,No,Metadados/Torno_de_Oleiro_Manual.jpg,"Artesanato, Açoriano, Patrimônio Material, Registro Histórico","  • O torno de oleiro manual é um instrumento utilizado para moldar peças de cerâmica, como potes, jarras e utensílios domésticos.
  • A prática da olaria foi essencial para a vida cotidiana das comunidades açorianas, fornecendo recipientes para armazenamento, preparo e consumo de alimentos.
  • O torno representa o saber artesanal transmitido entre gerações, reforçando a importância da cerâmica utilitária na cultura açoriana de São José e região.
  • Além de sua função prática, é símbolo da resistência cultural e da valorização do trabalho manual.",,,,Bom,São José - SC,Madeira e pedra (base circular),,,,Instrumento artesanal de modelagem manual de cerâmica,https://drive.google.com/file/d/1x5nLttbsPBFpkIlQliPndgURnWRxivsV/view?usp=drive_link,
Traje Feminino – Festa do Divino Espírito Santo,Patrimônio Material/Cultura,No,Metadados/Traje_Feminino_(Festa_do_Divino_Esprito_Santo_-_1994).jpg,"Açoriano, Patrimônio Material, Religioso","  • Traje feminino utilizado durante a Festa do Divino Espírito Santo em 1994, celebração tradicional de origem açoriana que une religiosidade e cultura popular.
  • O vestido, em tom vermelho/bordô com bordados dourados, representa a solenidade e a importância da participação feminina nas festividades.
  • A Festa do Divino é marcada por procissões, coroações e momentos de partilha comunitária, sendo um dos pilares da identidade cultural de São José e região.
  • A preservação deste traje reforça a memória coletiva e valoriza o papel das mulheres na manutenção das tradições religiosas e sociais.
",1994,,,Excelente,São José - SC,"Tecido bordado, rendas, fios metálicos
",,,,"Costura artesanal, bordado em fios metálicos, aplicação de rendas",https://drive.google.com/file/d/1VIHYNpF-nhmsIcNMjxdK1LEqI-8hurTw/view?usp=drive_link,
"Adornos com sementes, escamas de tucunaré e espinhos de porco",Indígena (Guarani),No,Metadados/Adorno.jpg,"Artefato Indígena, Guarani, Patrimônio Material","  • Colares confeccionados pelo povo Guarani, utilizando elementos naturais como sementes, escamas de peixe tucunaré e espinhos de porco.
  • Esses adornos representam não apenas estética e beleza, mas também a conexão espiritual e simbólica com a natureza, reforçando o vínculo dos Guarani com o ambiente.
  • O uso de materiais orgânicos reflete o saber tradicional e a valorização dos recursos disponíveis, transmitindo técnicas artesanais de geração em geração.
  • São peças que expressam identidade cultural, pertencimento e espiritualidade, além de serem utilizadas em rituais e momentos comunitários.
",,,,Bom,São José - SC,"Sementes, escamas de tucunaré, espinhos de porco",,,,"Artesanato indígena, montagem manual de adornos com elementos naturais",https://drive.google.com/file/d/10tIiY2KB3eZQ1Wm0Eo_WHxYON0e5iqaY/view?usp=drive_link,
Amolador,Indígena (Guarani),No,Metadados/Amolador_N_1251.jpg,"Artefato Indígena, Guarani, Patrimônio Material","  • O amolador é uma peça de pedra utilizada pelos povos Guarani para afiar lâminas, pontas de flechas e outros instrumentos de uso cotidiano.
  • Além de sua função prática, representa o conhecimento técnico e a relação direta com os recursos naturais disponíveis no território.
  • Esses objetos eram fundamentais para a sobrevivência, permitindo a manutenção de ferramentas de caça, pesca e preparo de alimentos.
  • A preservação do amolador reforça a memória da cultura material indígena e sua importância na vida comunitária.
",,,,Bom,São José - SC,Rocha sedimentar,1251,,,Uso de pedra natural para afiação de instrumentos,https://drive.google.com/file/d/1BwZmEns6uKz_iOChgUtuisIz2RyXeD7z/view?usp=drive_link,
Amolador,Indígena (Guarani),No,Metadados/Amolador_N_1259.jpg,"Artefato Indígena, Ferramentas Tradicionais, Guarani, Patrimônio Material",,,,,Bom,São José - SC,,1259,Rocha sedimentar,,,https://drive.google.com/file/d/1BwZmEns6uKz_iOChgUtuisIz2RyXeD7z/view?usp=drive_link,
Amostra Animal,Indígena (Guarani),No,Metadados/Amostra_Animal_N_1256.jpg,"Amostras Naturais, Artefato Indígena, Guarani","  • Elemento ósseo/dentário de origem animal.
  • Os povos Guarani utilizavam partes de animais como dentes, ossos e presas em práticas cotidianas e simbólicas, seja para adornos, instrumentos ou rituais.
Essa amostra evidencia a relação dos Guarani com a fauna local e o aproveitamento integral dos recursos naturais, reforçando o respeito à natureza como parte de sua cosmologia.",,,,Bom,São José - SC,Elemento ósseo/dentário de origem animal.,,,,Coleta e preservação de amostra animal natural,https://drive.google.com/file/d/1Pp6qumMxEfYuhXHsMZNzzoNHnSXvvO7s/view?usp=drive_link,
"Arcos, Flechas e Lanças",Indígena (Guarani),No,Metadados/Arcos_Flechas_e_Lanas.jpg,"Armamentos, Artefato Indígena, Guarani, Patrimônio Material","  • Conjunto de arcos, flechas e lanças utilizados pelos povos Guarani em atividades de caça, defesa e rituais.
  • Esses instrumentos eram confeccionados com madeira, fibras vegetais e penas, evidenciando o uso de recursos naturais disponíveis no território.
  • Além da função prática, possuíam valor simbólico e espiritual, reforçando a ligação dos Guarani com a natureza e sua cosmologia.
  • A preservação dessas peças permite compreender técnicas artesanais, modos de vida e práticas culturais transmitidas entre gerações.
",,,,Bom,São José - SC,"Madeira, fibras vegetais, penas, pigmentos naturai",,,,"Artesanato indígena, entalhe em madeira, amarração com fibras, aplicação de penas
",https://drive.google.com/file/d/1vIl0MaUZckAeeDjCdYKkzXIlHhMwdnhU/view?usp=drive_link,
Balaio de Coleta (Adjaka Mbaemo Ryru),Indígena (Guarani),No,Metadados/Balaio_de_Coleta_(Adjaka_Mbaemo_Ryru).jpg,"Artefato Indígena, Guarani, Patrimônio Material, Utensílios Tradicionais","  • O balaio de coleta, denominado em Guarani Adjaka Mbaemo Ryru, é um cesto artesanal utilizado para recolher alimentos, sementes e outros recursos naturais.
  • Confeccionado com fibras vegetais, o balaio evidencia o saber tradicional dos Guarani na arte da cestaria, transmitido de geração em geração.
  • Além da função prática, o objeto simboliza a relação de respeito e equilíbrio com a natureza, reforçando a importância da coleta como atividade comunitária e de subsistência.
  • A preservação dessa peça permite compreender técnicas de trançado e a valorização dos recursos naturais disponíveis no território indígena.
",,,,Bom,São José - SC,Fibras vegetais trançadas,,,,Trançado manual de fibras vegetais (cestaria indígena,https://drive.google.com/file/d/1m1Fsy-vie1wxyvXet-6Ll72a13SzVZjl/view?usp=drive_link,
Bolsa (Voco),Indígena (Guarani),No,Metadados/Bolsa_(Voco).jpg,"Artefato Indígena, Guarani, Patrimônio Material, Utensílios Tradicionais","  • A Bolsa (Voco) é um objeto artesanal produzido pelos povos Guarani a partir de fibras vegetais.
Utilizada para carregar alimentos, sementes e objetos pessoais, a bolsa também possui valor simbólico, representando a habilidade manual e a estética tradicional indígena.
  • O trançado circular e os padrões geométricos reforçam a ligação com a natureza e a transmissão de saberes entre gerações.
  • Além da função prática, o voco é um elemento de identidade cultural, presente no cotidiano e em momentos comunitários.
",,,,Bom,São José - SC,Fibras vegetais trançadas,,,,Trançado manual de fibras vegetais (cestaria indígena),https://drive.google.com/file/d/149xrWI6Ngl_72Jm2sVHqVpCmQYPHhoKV/view?usp=drive_link,
Cachimbo (Peryngua),Indígena (Guarani),No,Metadados/Cachimbo_(Peryngua).jpg,"Artefato Indígena, Guarani, Religioso","  • O cachimbo (peryngua) é um objeto artesanal confeccionado em madeira, utilizado pelos povos Guarani em momentos de ritual, espiritualidade e convivência comunitária.
  • O ato de fumar no cachimbo possui caráter simbólico, representando a comunicação com o sagrado, a partilha e a conexão com a natureza.
  • Além da função ritual, o cachimbo também integra práticas cotidianas, sendo confeccionado com técnicas tradicionais transmitidas entre gerações.
  • A preservação dessa peça reforça a importância dos objetos rituais na cosmologia Guarani e sua relevância cultural.
",,,,Excelente,São José - SC,Madeira entalhada,,,,"Entalhe manual em madeira, perfuração e acabamento artesanal",https://drive.google.com/file/d/1iezu5l9h4565oA5tKGrWm574sL2BV7-g/view?usp=drive_link,
Carranca,Indígena (Guarani),No,Metadados/Carranca_-_Doao_do_Museu_do_Norte.jpg,"Arte Popular, Artefato Indígena, Patrimônio Material","  • A carranca é uma escultura entalhada em madeira, tradicionalmente utilizada como elemento protetor, associada a embarcações ou espaços comunitários.
  • Embora mais conhecida no contexto ribeirinho do Norte e Nordeste do Brasil, sua presença no acervo da Sala Indígena reforça a diversidade cultural e a circulação de objetos simbólicos entre diferentes regiões.
  • A peça, doada pelo Museu do Norte, apresenta traços estilizados e cores fortes, representando figuras de caráter apotropaico (destinadas a afastar maus espíritos).
  • Sua preservação permite compreender a dimensão estética e espiritual das culturas indígenas e populares brasileiras.
",,,Museu do Norte,Excelente,,Madeira entalhada e pintada,,,,"Entalhe manual em madeira, pintura artesanal",https://drive.google.com/file/d/1XMgvIfjVNnUANTn-RdbPY7tf_eBjCw-1/view?usp=drive_link,
,Indígena (Guarani),No,Metadados/Cesto_(Tcheto).jpg,"Artefato Indígena, Guarani, Utensílios Tradicionais","  • O cesto (tcheto) é um objeto artesanal produzido pelos povos Guarani a partir de fibras vegetais.
  • Utilizado para coleta, armazenamento e transporte de alimentos, sementes e objetos, o cesto evidencia o saber tradicional da cestaria indígena.
  • Seu trançado manual reflete técnicas transmitidas de geração em geração, reforçando a ligação com a natureza e a valorização dos recursos locais.
  • Além da função prática, o tcheto é também um símbolo de identidade cultural e da vida comunitária Guarani.",,,,Bom,São José - SC,Fibras vegetais trançadas,,,,"Trançado manual de fibras vegetais (cestaria indígena)
",https://drive.google.com/file/d/10MDqk3eA2S7C2g1KA4BQat8B79qxHGNy/view?usp=drive_link,
Cocar,Indígena (Guarani),No,Metadados/Cocar.jpg,"Adornos, Artefato Indígena, Guarani, Patrimônio Material","  • O cocar Guarani é um adorno cerimonial confeccionado com penas de aves e fibras vegetais.
  • Utilizado em rituais, celebrações e momentos de espiritualidade, o cocar simboliza a ligação com o sagrado, a natureza e os ancestrais.
  • As cores e a disposição das penas possuem significados específicos, reforçando a identidade cultural e a cosmologia Guarani.
  • Além da função ritual, o cocar é também um elemento estético e de pertencimento comunitário, transmitido como saber tradicional entre gerações.
",,,,Bom,São José - SC,"Penas de aves, fibras vegetais, fios coloridos",,,,"Montagem manual de penas, trançado de fibras e aplicação de fios coloridos",https://drive.google.com/file/d/13ynd5_ErTtY5jOkj2dFPu6bEhRgq2tK2/view?usp=drive_link,
"Pendentes e Contas de Concha – Sítio Ilha das Conchas (Sepultamento, 2001)",Indígena (Guarani),No,Metadados/Contas_de_Conchas.jpg,"Artefato Arqueológico, Artefato Indígena, Guarani, Patrimônio Material","  • Conjunto de pendentes e contas de concha encontrados em sepultamentos no Sítio Ilha das Conchas, durante escavações realizadas em outubro de 2001.
  • Os objetos, perfurados para uso como adornos, evidenciam práticas funerárias e rituais dos povos indígenas, reforçando a importância simbólica das conchas como elementos de ornamentação e espiritualidade.
  • A presença desses adornos em sepultamentos indica o valor cultural e religioso atribuído aos materiais naturais, além de revelar aspectos da estética e identidade comunitária Guarani.
  • A preservação dessas peças arqueológicas contribui para compreender os modos de vida e as práticas rituais indígenas na região de São José.
",Pré-colonial / escavação registrada em 22–30/10/2001,,Proveniente de escavação arqueológica – Sítio Ilha das Conchas,Bom,São José - SC,Conchas perfuradas (pendentes e contas),,,,Perfuração manual de conchas para uso como adornos,https://drive.google.com/file/d/1DzLK_qkv6mMZsWOqlMdJZlLoaJLNvu8E/view?usp=drive_link,
Crânio de Onça,Indígena (Guarani),No,Metadados/Crnio_de_Ona__Capturada_em_So_Jos_-_1920.jpg,"Amostras Naturais, Patrimônio Material","  • O crânio de onça é uma amostra animal preservada, proveniente de um exemplar capturado em São José no ano de 1920.
  • A onça, considerada um dos maiores felinos das Américas, possui forte simbolismo na cosmologia indígena, representando força, coragem e ligação espiritual com a natureza.
  • A preservação desse crânio no acervo do museu permite compreender tanto aspectos da fauna local quanto a relação dos povos indígenas com os animais de seu território.
  • Além de sua relevância biológica, o objeto carrega valor cultural e histórico, reforçando a memória da presença da onça na região de São José.",,,,Bom,,Osso (crânio animal),,,,Coleta e preservação de amostra animal natural,https://drive.google.com/file/d/1Jk86ponKSOAc8U_ZMjtWOjnAGFJfaZBi/view?usp=drive_link,
Esqueleto Humano,Indígena (Guarani),No,"Metadados/Esqueleto_Humano_2.jpg, Metadados/Esqueleto_Humano.jpg","Artefato Arqueológico, Artefato Indígena, Guarani",,,,,,São José - SC,Osso humano,,,,Escavação arqueológica e preservação antropológica,https://drive.google.com/file/d/1_0Cue_2BG_ztnQ1gUJnUokpCn2YFKS3r/view?usp=drive_link,https://drive.google.com/file/d/1GxZ8-7PHA-asYw-uL0eTG_MIt9xHfi18/view?usp=drive_link
Formação de osso de baleia encontrado em um Sambaqui,Indígena (Guarani),No,Metadados/Formao_de_osso_de_baleia_encontrado_em_um_Sambaqui.jpg,"Amostras Naturais, Artefato Arqueológico, Artefato Indígena, Guarani, Patrimônio Material","  • Fragmento ósseo de baleia encontrado em um sambaqui, sítio arqueológico caracterizado por depósitos de conchas, ossos e vestígios culturais acumulados ao longo de séculos.
  • Os ossos de grandes animais marinhos, como a baleia, eram incorporados às estruturas dos sambaquis, podendo ter função prática (como suporte ou ferramenta), simbólica (elemento ritual) ou arquitetônica (marcadores de sepultamento).
  • Essa peça evidencia a relação dos povos indígenas com o ambiente costeiro, revelando práticas de coleta, pesca e uso ritual da fauna marinha.
  • A preservação desse osso contribui para compreender a interação entre comunidades indígenas e o ecossistema marinho, além de reforçar o valor científico e cultural dos sambaquis como patrimônio arqueológico.
",Pré-colonial (achado arqueológico),,Proveniente de escavação arqueológica em sambaqui,Bom,São José - SC,Osso de baleia,,,,Coleta arqueológica e preservação de amostra óssea,https://drive.google.com/file/d/1UJQ_3bqUewNnaF9iBJ8MMybOF7ioWLVz/view?usp=drive_link,
Machado,Indígena (Guarani),No,Metadados/Machado.jpg,"Artefato Indígena, Ferramentas Tradicionais, Guarani, Patrimônio Material","  • O machado de pedra é um artefato confeccionado a partir de rochas duras, lascadas e polidas para formar lâmina e cabo.
  • Utilizado em atividades de corte, derrubada de árvores, preparo de alimentos e construção, o machado também possuía valor simbólico, podendo ser associado a rituais e à autoridade comunitária.
  • Sua confecção evidencia o domínio técnico dos povos indígenas sobre os recursos naturais e a transmissão de saberes artesanais entre gerações.
  • A preservação dessa peça permite compreender práticas cotidianas, modos de vida e a relação dos Guarani com o ambiente.",,,,Bom,São José - SC,Pedra lascada e polida,,,,Lascamento e polimento de pedra para formação de lâmina,https://drive.google.com/file/d/13MdeflvYr26vLAbhRXKPNgJr0UbwvcGk/view?usp=drive_link,
"Machado ",Indígena (Guarani),No,Metadados/Machado_N_1248.jpg,"Artefato Indígena, Ferramentas Tradicionais, Guarani, Patrimônio Material","  • O machado de pedra é um artefato confeccionado a partir de rochas duras, lascadas e polidas para formar lâmina e cabo.
  • Utilizado em atividades de corte, derrubada de árvores, preparo de alimentos e construção, o machado também possuía valor simbólico, podendo ser associado a rituais e à autoridade comunitária.
  • Sua confecção evidencia o domínio técnico dos povos indígenas sobre os recursos naturais e a transmissão de saberes artesanais entre gerações.
  • A preservação dessa peça permite compreender práticas cotidianas, modos de vida e a relação dos Guarani com o ambiente.",,,,Bom,São José - SC,Pedra lascada e polida,1248,,,Lascamento e polimento de pedra para formação de lâmina,https://drive.google.com/file/d/1suT54rwvB_d-XfGUDuopvwofqAOereCf/view?usp=drive_link,
Machado,Indígena (Guarani),No,Metadados/Machado_N_1249.jpg,"Artefato Indígena, Ferramentas Tradicionais, Guarani, Patrimônio Material","  • O machado de pedra é um artefato confeccionado a partir de rochas duras, lascadas e polidas para formar lâmina e cabo.
  • Utilizado em atividades de corte, derrubada de árvores, preparo de alimentos e construção, o machado também possuía valor simbólico, podendo ser associado a rituais e à autoridade comunitária.
  • Sua confecção evidencia o domínio técnico dos povos indígenas sobre os recursos naturais e a transmissão de saberes artesanais entre gerações.
  • A preservação dessa peça permite compreender práticas cotidianas, modos de vida e a relação dos Guarani com o ambiente.",,,,Bom,São José - SC,Pedra lascada e polida,,,,Lascamento e polimento de pedra para formação de lâmina,https://drive.google.com/file/d/178KKgdKg0D1fWPh-bVsRNhZ3zfgWNHNS/view?usp=drive_link,
Onça - Esculpida em Madeira (Iaguara),Indígena (Guarani),No,Metadados/Ona_-_Esculpida_em_Madeira_(Iaguara).jpg,"Artefato Indígena, Guarani, Patrimônio Material","  • A onça (iaguara) é um dos animais mais reverenciados na cosmologia indígena, símbolo de força, coragem e ligação espiritual com a natureza.
  • Essa escultura em madeira representa a figura da onça de forma estilizada, reforçando sua importância como guardiã e entidade protetora.
  • O trabalho artesanal evidencia técnicas tradicionais de entalhe e pintura, transmitidas entre gerações, e reflete a estética indígena aplicada a objetos de valor ritual e cultural.
  • A preservação dessa peça permite compreender a dimensão simbólica da fauna na vida comunitária Guarani e sua representação artística.",,,,Bom,São José - SC,Madeira entalhada e pintada,,,,"Entalhe manual em madeira, pintura artesanal",https://drive.google.com/file/d/1zGECARAVymevtPkkkpumRHNhzYDR0XeE/view?usp=drive_link,
Pássaro - Esculpido em Madeira (Gûyrá),Indígena (Guarani),No,Metadados/Pssaro_-_Esculpido_em_Madeira_(Gyr).jpg,"Arte e Simbolismo, Artefato Indígena, Guarani, Patrimônio Material","  • O pássaro (gûyrá) é uma figura de grande importância na cosmologia Guarani, associado à liberdade, ao canto e à comunicação espiritual.
  • Essa escultura em madeira evidencia o saber artesanal indígena, transmitido entre gerações, e reflete a estética tradicional aplicada a representações animais.
  • Além de sua função estética, o objeto possui valor simbólico, reforçando a ligação dos Guarani com os elementos da natureza e sua espiritualidade.
  • A preservação dessa peça permite compreender como a fauna é representada artisticamente e integrada ao universo cultural indígena.",,,,Bom,São José - SC,Madeira entalhada e pintada,,,,"Entalhe manual em madeira, pintura artesanal",https://drive.google.com/file/d/1qjuiI6-uA44GXKUpP8j2PP3zllUkzc9E/view?usp=drive_link,
Pedras de Quartzo e Diabásio (ICA 01 e 02),Indígena (Guarani),No,Metadados/Pedra_de_Quartzo_e_Diabsio_(_ICA_01_E_02).jpg,"Artefato Arqueológico, Artefato Indígena, Guarani, Patrimônio Material","As pedras de quartzo e diabásio são materiais líticos encontrados em contexto arqueológico, identificados como ICA 01 e ICA 02.
Esses minerais eram amplamente utilizados pelos povos indígenas para a confecção de ferramentas, instrumentos de corte e objetos de valor simbólico.
O quartzo, por sua dureza e brilho, possuía também relevância ritual, enquanto o diabásio era aproveitado pela resistência mecânica, ideal para lâminas e machados.
A preservação dessas peças evidencia o domínio técnico dos Guarani sobre os recursos naturais e sua integração entre função prática e significado espiritual.",,,,Regular,São José - SC,Quartzo e diabásio,,,,Seleção e uso de minerais para confecção de artefatos líticos,https://drive.google.com/file/d/1ufDpYbAH2Evq3gamEuLd1vvm6BozqEhP/view?usp=drive_link,
"
Peneira (Urupen)",Indígena (Guarani),No,Metadados/Peneira_(Urupen).jpg,"Artefato Indígena, Guarani, Utensílios Domésticos","  • A peneira (urupen) é um utensílio tradicional produzido pelos povos Guarani a partir de fibras vegetais trançadas.
  • Utilizada para separar grãos, farinhas e outros alimentos, desempenha papel essencial no cotidiano comunitário, evidenciando técnicas de cestaria e saberes transmitidos entre gerações.
  • Além da função prática, o urupen reflete a relação dos Guarani com os recursos naturais e a valorização do trabalho artesanal.
  • Sua preservação permite compreender práticas alimentares, modos de vida e a importância dos utensílios simples na organização comunitária indígena.",,,,,São José - SC,Fibras vegetais trançadas,,,,Trançado manual de fibras vegetais (cestaria indígena),https://drive.google.com/file/d/1ITwZJXCEj6pMa5SUiSH7_SnGIvai9hX3/view?usp=drive_link,
Ponta de Flecha,Indígena (Guarani),No,Metadados/Ponta_de_Flecha_N_0363.jpg,"Armamentos, Artefato Indígena, Guarani, Patrimônio Material","  • A ponta de flecha é um artefato confeccionado em pedra lascada, utilizado pelos povos indígenas em atividades de caça, pesca e defesa.
  • Além da função prática, possuía também valor simbólico, representando a habilidade técnica e a relação dos Guarani com o território e a natureza.
  • O processo de lascamento e polimento da pedra evidencia o domínio sobre técnicas líticas e a transmissão de saberes entre gerações.
  • A preservação dessa peça arqueológica contribui para compreender os modos de vida, a subsistência e a cosmologia indígena.",,,,Bom,São José - SC,Pedra lascada (lítica),0363,,,Lascamento e polimento de pedra para formação de ponta,https://drive.google.com/file/d/1V1E35cMqT720ylmz6M0kJo66zJ8QPKwd/view?usp=drive_link,
Ponta de Flecha,Indígena (Guarani),Yes,Metadados/Ponta_de_Flecha_N_0364.jpg,"Armamentos, Artefato Indígena, Guarani, Patrimônio Material","  • A ponta de flecha é um artefato confeccionado em pedra lascada, utilizado pelos povos indígenas em atividades de caça, pesca e defesa.
  • Além da função prática, possuía também valor simbólico, representando a habilidade técnica e a relação dos Guarani com o território e a natureza.
  • O processo de lascamento e polimento da pedra evidencia o domínio sobre técnicas líticas e a transmissão de saberes entre gerações.
  • A preservação dessa peça arqueológica contribui para compreender os modos de vida, a subsistência e a cosmologia indígena.",,,,Bom,São José - SC,Pedra lascada (lítica),0364,,,Lascamento e polimento de pedra para formação de ponta,https://drive.google.com/file/d/1J5IzTmF0ieN_ojeSPIegHMF26rku_5bs/view?usp=drive_link,
Ponta de Flecha,Indígena (Guarani),Yes,Metadados/Ponta_de_Flecha_N_1236.jpg,"Armamentos, Artefato Indígena, Guarani, Patrimônio Material","  • A ponta de flecha é um artefato confeccionado em pedra lascada, utilizado pelos povos indígenas em atividades de caça, pesca e defesa.
  • Além da função prática, possuía também valor simbólico, representando a habilidade técnica e a relação dos Guarani com o território e a natureza.
  • O processo de lascamento e polimento da pedra evidencia o domínio sobre técnicas líticas e a transmissão de saberes entre gerações.
  • A preservação dessa peça arqueológica contribui para compreender os modos de vida, a subsistência e a cosmologia indígena.",,,,Bom,São José - SC,Pedra lascada (lítica),0365,,,Lascamento e polimento de pedra para formação de ponta,https://drive.google.com/file/d/1dbcCAwHfjMgawTOw58jiceTyXyA_IWpr/view?usp=drive_link,
Ponta de Flecha,Indígena (Guarani),Yes,Metadados/Ponta_de_Flecha_N_1237.jpg,"Armamentos, Artefato Indígena, Guarani, Patrimônio Material","  • A ponta de flecha é um artefato confeccionado em pedra lascada, utilizado pelos povos indígenas em atividades de caça, pesca e defesa.
  • Além da função prática, possuía também valor simbólico, representando a habilidade técnica e a relação dos Guarani com o território e a natureza.
  • O processo de lascamento e polimento da pedra evidencia o domínio sobre técnicas líticas e a transmissão de saberes entre gerações.
  • A preservação dessa peça arqueológica contribui para compreender os modos de vida, a subsistência e a cosmologia indígena.",,,,Bom,São José - SC,Pedra lascada (lítica),0364,,,Lascamento e polimento de pedra para formação de ponta,https://drive.google.com/file/d/110sYae82nKbeDdIm3eilvIiBLekZSIAc/view?usp=drive_link,
Pote de Cozimento (Ombodjyaty),Indígena (Guarani),No,Metadados/Pote_de_Cozimento_(Ombodjyaty).jpg,"Artefato Indígena, Cerâmica, Guarani, Utensílios Tradicionais","  • O pote de cozimento (ombodjyaty) é um utensílio cerâmico produzido artesanalmente pelos povos Guarani.
  • Utilizado para preparar alimentos, especialmente cozidos e caldos, desempenha papel essencial na vida comunitária e na organização doméstica.
  • A cerâmica Guarani é marcada por técnicas tradicionais de modelagem e queima, transmitidas entre gerações, e reflete tanto a funcionalidade quanto a estética indígena.
  • Além da função prática, o pote também possui valor simbólico, representando a ligação com a terra e os saberes ancestrais.
  • Sua preservação permite compreender práticas alimentares, modos de vida e a importância da cerâmica na cultura material indígena.
",,,,Bom,São José - SC,Cerâmica (argila modelada e queimada),,,,"Modelagem manual em argila, queima em forno ou fogueira tradicional",https://drive.google.com/file/d/14RxphZUr-ugIjATAEZPtYBWRQTxid1yK/view?usp=drive_link,
Zarabatana (Guyapa Pytu),Indígena (Guarani),No,Metadados/Zarabatana_(Guyapa_Pytu).jpg,"Armamentos, Artefato Indígena, Guarani, Patrimônio Material","  • A zarabatana (guyapa pytu) é um instrumento confeccionado em madeira ou bambu, utilizado pelos povos Guarani para caça de pequenos animais e aves.
  • Funciona por meio da propulsão de dardos ou flechas leves, soprados pelo caçador, exigindo grande habilidade e precisão.
  • Além da função prática, a zarabatana também possui valor simbólico, representando a relação dos Guarani com a natureza e a transmissão de técnicas tradicionais de sobrevivência.
  • Sua preservação no acervo permite compreender práticas de subsistência, modos de vida e a importância dos instrumentos de caça na cultura indígena.
",,,,Excelente,São José - SC,"Bambu, fibras vegetais",,,,"Entalhe e montagem manual de tubo de sopro, preparo de dardos",https://drive.google.com/file/d/1wVbHIJsIZsIIavo3hncBbjqjQKG3ESk5/view?usp=drive_link,
Zoólito,Indígena (Guarani),No,Metadados/Zolito_N_1255.jpg,"Arte e Simbolismo, Artefato Indígena, Artesanato, Escultura, Guarani, Patrimônio Material","  • O zoólito é um artefato lítico esculpido em forma de animal, representando a ligação espiritual dos povos indígenas com a fauna e a natureza.
  • Essas peças eram confeccionadas em pedra polida e podiam ter função ritual, simbólica ou ornamental, reforçando a cosmologia Guarani e sua visão integrada do mundo natural.
  • O Zoólito N° 1255 é um testemunho da habilidade técnica e da estética indígena, revelando tanto o domínio sobre o trabalho em pedra quanto a importância dos animais como símbolos de força, proteção e ancestralidade.
  • Sua preservação contribui para compreender práticas rituais e artísticas, além de reforçar a memória da presença indígena na região de São José.
",,,,Bom,São José - SC,Pedra Polida,1255,,,Escultura e polimento manual em pedra,https://drive.google.com/file/d/1aQG4ePmt-hW17f3l7ihW-IulYRRrCeeT/view?usp=drive_link,
Zoólito,Indígena (Guarani),No,Metadados/Zolito_N_1257.jpg,"Arte e Simbolismo, Artefato Indígena, Artesanato, Escultura, Guarani, Patrimônio Material","  • O zoólito é um artefato lítico esculpido em forma de animal, representando a ligação espiritual dos povos indígenas com a fauna e a natureza.
  • Essas peças eram confeccionadas em pedra polida e podiam ter função ritual, simbólica ou ornamental, reforçando a cosmologia Guarani e sua visão integrada do mundo natural.
  • O Zoólito N° 1255 é um testemunho da habilidade técnica e da estética indígena, revelando tanto o domínio sobre o trabalho em pedra quanto a importância dos animais como símbolos de força, proteção e ancestralidade.
  • Sua preservação contribui para compreender práticas rituais e artísticas, além de reforçar a memória da presença indígena na região de São José.
",,,,Bom,São José - SC,Pedra Polida,1257,,,Escultura e polimento manual em pedra,https://drive.google.com/file/d/1Xk-q1WOUJF7LLUHBBQQ_uAFRBYKmTAS2/view?usp=drive_link,
Zoólito,Indígena (Guarani),No,Metadados/Zolito_N_12565.jpg,"Arte e Simbolismo, Artefato Indígena, Artesanato, Escultura, Guarani, Patrimônio Material","  • O zoólito é um artefato lítico esculpido em forma de animal, representando a ligação espiritual dos povos indígenas com a fauna e a natureza.
  • Essas peças eram confeccionadas em pedra polida e podiam ter função ritual, simbólica ou ornamental, reforçando a cosmologia Guarani e sua visão integrada do mundo natural.
  • O Zoólito N° 1255 é um testemunho da habilidade técnica e da estética indígena, revelando tanto o domínio sobre o trabalho em pedra quanto a importância dos animais como símbolos de força, proteção e ancestralidade.
  • Sua preservação contribui para compreender práticas rituais e artísticas, além de reforçar a memória da presença indígena na região de São José.
",,,,Regular,São José - SC,Pedra Polida,1256,,,Escultura e polimento manual em pedra,https://drive.google.com/file/d/15pu9VfamLraORx4uc6qrdJ8LCeFc-19T/view?usp=drive_link,
Castiçal,Religiosa,No,"Metadados/20260415_175836.jpg, Metadados/20260415_175843.jpg",Religioso,,,,,,,,,,,,https://drive.google.com/file/d/1XRPzb4_JPy5O2tedV49ZFBP-Q31ZAyli/view?usp=drive_link,https://drive.google.com/file/d/1E0HUr1rxKsh9j0ulHXBLvdKv7mt5gFGA/view?usp=drive_link
Quadro em relevo metálico da coroa do Divino Espírito Santo,Religiosa,No,Metadados/20260415_180002.jpg,"Arte Sacra, Religioso",,,,,,,,,,,,https://drive.google.com/file/d/1Hn1SmGZpKl_2mem_QKnEqu6O9YSzudKW/view?usp=drive_link,
Leque de Pedal,Religiosa,No,Metadados/Leque_de_Pedal.jpg,Mobiliário,,,,,Bom,,,,,,,https://drive.google.com/file/d/1QuXoh8ltggVLhi_zQtnj3DZAQYrxqNC0/view?usp=drive_link,
Estante/Porta Missal,Religiosa,No,Metadados/Estante___Porta_Missal_N_0091_-_Aprox__1930.jpg,"Mobiliário, Religioso",,Aproximadamente 1930,,,,,,0091,,,,https://drive.google.com/file/d/1Qdc9Rp3XTYmXm6qj_Fld2lSBzN7yiFoq/view?usp=drive_link,
Escadaria principal,Casarão/Engenho,No,"Metadados/20260415_175002.jpg, Metadados/20260415_175108.jpg, Metadados/20260415_175120.jpg",Arquitetura,"O prédio, localizado no Centro Histórico e intacto em sua construção original, foi a primeira edificação a ser tombada como patrimônio do Município. Já abrigou a Guarda Nacional, serviu de residência para a família Ferreira de Mello, Escola Militar, Casa de comércio, senzala e cavalaria. Foi restaurado em 1984 e, quatro anos mais tarde, passou a abrigar o Museu Histórico.",Aproximadamente 1772,,,Bom,,Madeira,,Aproximadamente seculo XVIII,,,https://drive.google.com/file/d/1HmKfyfCovbPk2Q1jbtU7q_nvPI0Ea8az/view?usp=drive_link,https://drive.google.com/file/d/12L20EejuoTMm-HaX9T72TGxS-MLmb41q/view?usp=drive_link
Placa de Inauguração (Biblioteca Pública Municipal e Museu Histórico),Casarão/Engenho,No,"Metadados/20260415_175020.jpg, Metadados/Placa_de_Inaugurao_(Biblioteca_Pblica_Municipal_e_Museu_Histrico).jpg",Arquitetura,,1988,,,,,,,,,,https://drive.google.com/file/d/1PSM23by8wbu3dp-VOXE6FA1X4Zpt3EsM/view?usp=drive_link,https://drive.google.com/file/d/19Dkvhj4bOrd5GtP5NEF-JkpFjU1eBxG9/view?usp=drive_link
Arandela,Casarão/Engenho,No,Metadados/20260415_175030.jpg,Arquitetura,,,,,,,"Madeira, Metal e Vidro",,,,,https://drive.google.com/file/d/1AANMUru0Vqe8SFbdvpbpT2rDrqedFneS/view?usp=drive_link,
Estátua,Casarão/Engenho,No,Metadados/20260415_175056.jpg,Arquitetura,,,,,,,,,,,,https://drive.google.com/file/d/1mSIv0MEhyV0i__sW3xvbc938Du3J-xj5/view?usp=drive_link,
Lustre,Casarão/Engenho,No,Metadados/20260415_175202.jpg,Arquitetura,,,,,,,,,,,,https://drive.google.com/file/d/1tkEMk0koBO7G7sgu_nexgFcF-KDx59xa/view?usp=drive_link,
Fundos do Casarão,Casarão/Engenho,No,"Metadados/20260415_175252.jpg, Metadados/20260415_175304.jpg, Metadados/20260415_175316.jpg",Arquitetura,,,,,,,,,,,,https://drive.google.com/file/d/13C6Ir7rdPeM7LE167UVP1CXNxuQzFMq1/view?usp=drive_link,https://drive.google.com/file/d/1Gp05np8l4X_xbbT56EIYLVB4ENfa_z8F/view?usp=drive_link
Engenho de Farinha de Mandioca,Casarão/Engenho,No,"Metadados/20260415_175404.jpg, Metadados/20260415_175445.jpg, Metadados/20260415_175516.jpg, Metadados/Engenho_de_Farinha_de_Mandioca_(1).jpg, Metadados/Engenho_de_Farinha_de_Mandioca_(5).jpg, Metadados/Engenho_de_Farinha_de_Mandioca_(8).jpg, Metadados/20260415_175532.jpg, Metadados/20260415_175550.jpg, Metadados/20260415_175558.jpg",Arquitetura,,,,,,,,,,,,https://drive.google.com/file/d/1sgnTqp5KmvoxPrcEGXA2KPobvAS2eQor/view?usp=drive_link,https://drive.google.com/file/d/1_FSJkb9DAM_j8FJYzj9eqf9asy5EbSSA/view?usp=sharing
Escadarias de Acesso ao Engenho,Casarão/Engenho,No,"Metadados/20260415_175335.jpg, Metadados/20260415_175418.jpg",Arquitetura,,,,,,,,,,,,https://drive.google.com/file/d/1NywVudKk9h6FPtC9SZXfjHl4eaac3UDi/view?usp=drive_link,https://drive.google.com/file/d/1vCyRzeHxunJediktaViJfJiRwS5PKXwx/view?usp=drive_link
Tacho,Casarão/Engenho,No,Metadados/Tacho.jpg,Arquitetura,,,,,,,,,,,,https://drive.google.com/file/d/1PzboTvDK9OodEyTQSyhI9n2jBQmWm-Ml/view?usp=drive_link,
Fachada do Casarão,Casarão/Engenho,No,"Metadados/Casaro.jpg, Metadados/Fachada_do_Casaro.jpg",Arquitetura,,,,,,,,,,,,https://drive.google.com/file/d/1QioXs0wuVBrKmbUsGEHLFFe1g6H_Ywdz/view?usp=drive_link,https://drive.google.com/file/d/1dPdsqfjKBm_dlU9viKbEKMiAmEjfPCoN/view?usp=drive_link
Porta Principal,Casarão/Engenho,No,Metadados/Porta_Principal.jpg,Arquitetura,,,,,,,,,,,,https://drive.google.com/file/d/1sTT6kKpalsXEFFzzYaGJkZv7NLmMCrsT/view?usp=drive_link,
Sino de Parede em Bronze,Casarão/Engenho,No,Metadados/Sino_de_parede_em_Bronze.jpg,Arquitetura,,,,,,,,,,,,https://drive.google.com/file/d/1AZgW2k0RxXBqvmfCbMrYFp5FfZTxP1VK/view?usp=drive_link,
,,No,,,,,,,,,,,,,,,